{
  "temperature": [
    {
      "timestamp": 1759874400,
      "value": 15.69484
    }
  ],
  "pressure": [
    {
      "timestamp": 1759874400,
      "value": 1015.547
    }
  ],
  "humidity": [
    {
      "timestamp": 1759874400,
      "value": 64.64355
    }
  ]
}